,
back 9, lay 9.6
back 9, lay 9.6
back 8.6, lay 9.4
back 8.6, lay 9.4
back 8.6, lay 9.4
back 8.6, lay 9.4
back 8.6, lay 9.4
back 8.6, lay 9.4
back 8.6, lay 9.4
back 8.6, lay 9.6
back 8.6, lay 9.6
back 8.6, lay 9.6
back 8.6, lay 9.6
back 8.6, lay 9.6
back 8.8, lay 9.6
back 8.8, lay 9.6
back 8.8, lay 9.6
back 8.8, lay 9.6
back 8.8, lay 9.6
back 8.8, lay 9.6
back 8.8, lay 9.6
back 8.8, lay 9.6
back 8.8, lay 9.6
back 8.8, lay 9.6
back 9, lay 9.6
back 9, lay 9.6
back 9, lay 9.6
back 9, lay 9.6
back 9, lay 9.6
back 8.8, lay 9.6
back 8.8, lay 9.6
back 8.8, lay 9.6
back 8.8, lay 9.6
back 8.8, lay 9.6
back 9, lay 9.6
back 9.2, lay 9.6
back 9.2, lay 9.6
back 9.2, lay 9.6
back 9.2, lay 9.6
back 9, lay 9.6
back 9, lay 9.6
back 9, lay 9.6
back 9, lay 9.6
back 9, lay 9.6
back 9.2, lay 9.6
back 9.4, lay 9.6
back 9.4, lay 9.6
back 9.4, lay 9.6
back 9.4, lay 9.6
back 9.4, lay 9.6
back 9.2, lay 9.6
back 9.2, lay 9.6
back 9.2, lay 9.6
back 9.2, lay 9.6
back 9.2, lay 9.6
back 9.2, lay 9.6
back 9.2, lay 9.6
back 9.2, lay 9.6
back 9.2, lay 9.6
back 9.2, lay 9.8
back 9.2, lay 9.8
back 9.2, lay 9.8
back 9.2, lay 9.8
back 9.2, lay 9.8
back 9.4, lay 9.6
back 10.5, lay 11.5
back 10.5, lay 11.5
back 10.5, lay 11.5
back 10.5, lay 11.5
back 10.5, lay 11.5
back 10.5, lay 11.5
back 10.5, lay 11.5
back 10.5, lay 11.5
back 10.5, lay 11.5
back 10.5, lay 11.5
back 10.5, lay 11.5
back 10.5, lay 11.5
back 10.5, lay 11.5
back 10.5, lay 11.5
back 10, lay 11.5
back 10.5, lay 11.5
back 10.5, lay 11.5
back 10.5, lay 11.5
back 10.5, lay 11.5
back 11, lay 12
back 11, lay 12
back 11, lay 12
back 11, lay 12
back 11, lay 12
back 10.5, lay 12
back 10, lay 12
back 10, lay 12
back 10, lay 12
back 10, lay 12
back 10, lay 12
back 10, lay 12
back 10, lay 12
back 10, lay 12
back 10, lay 11.5
back 10.5, lay 12
back 10.5, lay 12
back 10.5, lay 12
back 10.5, lay 12
back 11, lay 12.5
back 11, lay 12
back 11, lay 12
back 11, lay 12
back 11, lay 12
back 8.8, lay 12.5
back 8.8, lay 12.5
back 8.8, lay 12.5
back 8.8, lay 12.5
back 8.8, lay 12.5
back 8.8, lay 12.5
back 8.8, lay 12.5
back 8.8, lay 12.5
back 8.8, lay 12.5
back 8.8, lay 12.5
back 1.38, lay 12.5
back 1.39, lay 12.5
back 1.39, lay 12.5
back 1.39, lay 12.5
back 1.39, lay 12.5
back 8, lay 12.5
back 7.8, lay 12.5
back 7.8, lay 12.5
back 7.8, lay 12.5
back 7.8, lay 12.5
back 7.8, lay 12.5
back 7.8, lay 12.5
back 7.8, lay 12.5
back 7.8, lay 12.5
back 7.8, lay 12.5
back 7.8, lay 12.5
back 9.2, lay 12.5
back 9.2, lay 12.5
back 9.2, lay 12.5
back 9.2, lay 12.5
back 9.2, lay 12.5
back 11, lay 12.5
back 11, lay 12.5
back 11, lay 12.5
back 11, lay 12.5
back 11, lay 12.5
back 11.5, lay 13.5
back 11.5, lay 13.5
back 11.5, lay 13.5
back 11.5, lay 13.5
back 11.5, lay 13.5
back 11.5, lay 13.5
back 11.5, lay 13.5
back 11.5, lay 13.5
back 11.5, lay 13.5
back 12, lay 13.5
back 12, lay 13.5
back 12, lay 13.5
back 12, lay 13.5
back 12, lay 13.5
back 12.5, lay 13.5
back 13, lay 13.5
back 13, lay 13.5
back 13, lay 13.5
back 13, lay 13.5
back 13.5, lay 14.5
back 13.5, lay 14.5
back 13.5, lay 14.5
back 13.5, lay 14.5
back 13.5, lay 14.5
back 13, lay 15
back 13, lay 15
back 13, lay 15
back 13, lay 15
back 13, lay 15
back 13.5, lay 15
back 13.5, lay 15
back 14, lay 15
back 14, lay 15
back 14, lay 15
back 12.5, lay 15
back 12.5, lay 15
back 12.5, lay 15
back 12.5, lay 15
back 12.5, lay 15
back 12.5, lay 15
back 12.5, lay 15
back 12.5, lay 15
back 12.5, lay 15
back 12.5, lay 15
back 12.5, lay 15
back 13.5, lay 15.5
back 15, lay 15.5
back 15, lay 15.5
back 15, lay 15.5
back 15, lay 15.5
back 15, lay 15.5
back 15, lay 15.5
back 15, lay 15.5
back 15, lay 15.5
back 15, lay 15.5
back 14.5, lay 15.5
back 15, lay 15.5
back 15, lay 15.5
back 15, lay 15.5
back 15, lay 15.5
back 13.5, lay 17.5
back 13.5, lay 17.5
back 13.5, lay 17.5
back 13.5, lay 17.5
back 13.5, lay 17.5
back 13, lay 17
back 13.5, lay 16.5
back 13.5, lay 16.5
back 13.5, lay 16.5
back 13.5, lay 16.5
back 13.5, lay 17.5
back 14, lay 17.5
back 14, lay 17.5
back 14, lay 17.5
back 14, lay 17.5
back 15, lay 19
back 15, lay 19
back 15, lay 19
back 15, lay 19
